GEO.id,GEO.id2,GEO.display-label,HD01_VD01,HD02_VD01,HD01_VD02,HD02_VD02,HD01_VD03,HD02_VD03,HD01_VD04,HD02_VD04,HD01_VD05,HD02_VD05,HD01_VD06,HD02_VD06,HD01_VD07,HD02_VD07,HD01_VD08,HD02_VD08,HD01_VD09,HD02_VD09,HD01_VD10,HD02_VD10,HD01_VD11,HD02_VD11,HD01_VD12,HD02_VD12,HD01_VD13,HD02_VD13
Id,Id2,Geography,Estimate; Total:,Margin of Error; Total:,Estimate; Total: - With an Internet subscription,Margin of Error; Total: - With an Internet subscription,Estimate; Total: - With an Internet subscription - Dial-up with no other type of Internet subscription,Margin of Error; Total: - With an Internet subscription - Dial-up with no other type of Internet subscription,Estimate; Total: - With an Internet subscription - Broadband of any type,Margin of Error; Total: - With an Internet subscription - Broadband of any type,Estimate; Total: - With an Internet subscription - Cellular data plan,Margin of Error; Total: - With an Internet subscription - Cellular data plan,Estimate; Total: - With an Internet subscription - Cellular data plan - Cellular data plan with no other type of Internet subscription,Margin of Error; Total: - With an Internet subscription - Cellular data plan - Cellular data plan with no other type of Internet subscription,"Estimate; Total: - With an Internet subscription - Broadband such as cable, fiber optic or DSL","Margin of Error; Total: - With an Internet subscription - Broadband such as cable, fiber optic or DSL","Estimate; Total: - With an Internet subscription - Broadband such as cable, fiber optic or DSL - Broadband such as cable, fiber optic or DSL with no other type of Internet subscription","Margin of Error; Total: - With an Internet subscription - Broadband such as cable, fiber optic or DSL - Broadband such as cable, fiber optic or DSL with no other type of Internet subscription",Estimate; Total: - With an Internet subscription - Satellite Internet service,Margin of Error; Total: - With an Internet subscription - Satellite Internet service,Estimate; Total: - With an Internet subscription - Satellite Internet service - Satellite Internet service with no other type of Internet subscription,Margin of Error; Total: - With an Internet subscription - Satellite Internet service - Satellite Internet service with no other type of Internet subscription,Estimate; Total: - With an Internet subscription - Other service with no other type of Internet subscription,Margin of Error; Total: - With an Internet subscription - Other service with no other type of Internet subscription,Estimate; Total: - Internet access without a subscription,Margin of Error; Total: - Internet access without a subscription,Estimate; Total: - No Internet access,Margin of Error; Total: - No Internet access
7950000US3600100,3600100,"St. Lawrence County PUMA, New York",40479,1519,32877,1655,270,156,32607,1694,25394,1761,4374,1023,26587,1557,6527,1013,2022,554,235,122,31,49,919,401,6683,973
7950000US3600200,3600200,"Clinton, Franklin, Essex & Hamilton Counties PUMA; New York",67092,2054,51186,2044,375,193,50811,2052,36313,2131,5158,1036,41536,1987,11655,1344,6041,1106,1043,347,85,62,2972,890,12934,1598
7950000US3600300,3600300,"Warren & Washington Counties PUMA, New York",51614,1736,41727,1814,517,211,41210,1805,31553,1624,4634,927,33356,1779,8000,1152,4149,641,915,344,73,56,1403,486,8484,1382
7950000US3600401,3600401,"Herkimer (North & Central) & Oneida (Outer) Counties PUMA, New York",44300,1723,36426,1798,351,195,36075,1817,28165,1546,5759,1046,27995,1772,6780,936,2497,595,414,217,127,82,1418,611,6456,874
7950000US3600402,3600402,"Oneida County (Central)--Greater Utica & Rome Cities PUMA, New York",61146,1901,48003,1989,217,197,47786,1979,36777,1897,5755,1159,41005,1781,10445,1266,1766,560,233,179,54,95,2475,815,10668,1351
7950000US3600403,3600403,"Otsego, Schoharie, Oneida (South) & Herkimer (South) Counties PUMA; New York",42081,1597,32619,1629,398,188,32221,1604,21728,1415,4245,730,23182,1467,7745,944,5224,758,1671,374,153,104,1308,410,8154,949
7950000US3600500,3600500,"Jefferson & Lewis Counties PUMA, New York",50860,1725,41602,1759,216,154,41386,1743,33888,1720,5135,892,33839,1810,6515,848,3143,718,539,248,15,24,974,342,8284,1129
7950000US3600600,3600600,"Oswego County PUMA, New York",44633,1313,38036,1593,344,227,37692,1629,28646,1713,4052,848,31993,1787,8362,1105,2505,607,470,250,37,62,734,341,5863,845
7950000US3600701,3600701,"Onondaga County (Central)--Syracuse City PUMA, New York",56295,2177,37923,2032,204,215,37719,2010,30682,1857,6122,945,30627,1914,6612,1086,1641,557,73,85,24,40,3618,1093,14754,1861
7950000US3600702,3600702,"Onondaga County (North) PUMA, New York",47988,1841,40345,1886,36,61,40309,1880,32531,1671,1972,589,37865,1917,7458,1372,1163,459,41,68,0,192,3492,1086,4151,1147
7950000US3600703,3600703,"Onondaga County (Central)--Syracuse City (Outer) PUMA, New York",65650,1907,53740,1841,402,247,53338,1836,38429,1948,4352,1060,48153,1914,13514,1536,2300,607,531,359,0,192,2949,911,8961,1412
7950000US3600704,3600704,"Cayuga & Onondaga (South) Counties PUMA, New York",44017,1591,35335,1748,382,224,34953,1734,27715,1662,6787,986,25706,1530,6347,975,3046,509,552,222,0,192,1384,555,7298,1084
7950000US3600800,3600800,"Wayne & Seneca Counties PUMA, New York",50496,1342,41883,1467,819,377,41064,1485,31871,1896,4698,818,33741,1511,8343,1060,3156,702,359,233,117,160,1039,383,7574,1195
7950000US3600901,3600901,"Monroe County (East) PUMA, New York",54567,1733,47633,1541,197,166,47436,1531,37478,1982,2827,648,44183,1655,9504,1382,1452,497,84,139,51,82,893,481,6041,1141
7950000US3600902,3600902,"Monroe County (Central)--Rochester City (East) PUMA, New York",47005,2677,36732,2352,156,129,36576,2331,31302,2158,8139,1192,27337,2280,4784,883,1392,522,189,167,0,192,1738,654,8535,1321
7950000US3600903,3600903,"Monroe County (Central)--Rochester City (West) PUMA, New York",37435,1958,27207,1850,96,93,27111,1854,20472,1814,6080,1096,20286,1671,6172,1080,774,371,155,192,148,194,1574,600,8654,1381
7950000US3600904,3600904,"Monroe County (Central)--Greece & Gates Towns PUMA, New York",53507,1610,45215,1947,534,314,44681,1962,30013,1667,3872,741,39817,2193,13766,1874,2070,651,517,438,154,177,1017,466,7275,1367
7950000US3600905,3600905,"Monroe County (North & West) PUMA, New York",39808,1805,35476,1645,248,188,35228,1620,30048,1666,2875,823,31800,1565,5005,973,1515,684,42,70,0,192,363,246,3969,997
7950000US3600906,3600906,"Monroe County (South) PUMA, New York",66902,2667,58840,2257,260,253,58580,2245,50170,1964,4228,931,53234,2224,7574,1300,2284,624,200,192,0,192,1818,624,6244,1207
7950000US3601000,3601000,"Genesee & Orleans Counties PUMA, New York",39793,1150,31323,1441,288,168,31035,1465,23931,1475,3787,645,25686,1272,6251,929,1494,484,504,290,43,37,1549,570,6921,960
7950000US3601101,3601101,"Niagara County (Southwest)--Greater Niagara Falls & North Tonawanda Area PUMA, New York",44915,1784,34355,1680,242,213,34113,1680,27160,1709,4736,885,28400,1670,5929,938,2106,688,190,145,0,192,1477,668,9083,1329
7950000US3601102,3601102,"Niagara County (North & East) PUMA, New York",41871,1910,33317,1891,581,423,32736,1820,24689,1371,3362,923,27717,1636,6745,1099,2853,620,709,410,105,147,1154,590,7400,1252
7950000US3601201,3601201,"Erie County (Northwest) PUMA, New York",44657,1804,37936,1663,63,107,37873,1654,31939,1750,3077,889,34099,1687,5463,1192,1920,514,44,72,145,171,1269,704,5452,1044
7950000US3601202,3601202,"Erie County (North Central) PUMA, New York",50286,1940,43754,1773,143,174,43611,1749,34534,1672,1863,558,40911,1836,8287,1375,1857,668,276,293,0,192,1874,640,4658,1022
7950000US3601203,3601203,"Erie County (Northeast) PUMA, New York",46712,1979,39669,1850,171,173,39498,1839,31968,1794,4775,1207,34176,1865,6869,1261,2426,753,45,74,124,151,1267,622,5776,1018
7950000US3601204,3601204,"Erie County (Central) PUMA, New York",66143,2145,53049,1833,381,283,52668,1876,38223,2104,7460,1492,43738,1981,13079,1844,2160,655,640,469,72,118,1585,595,11509,1642
7950000US3601205,3601205,"Erie County (West Central)--Buffalo City (East) PUMA, New York",58418,2358,39512,2350,255,180,39257,2361,32892,2311,7174,1204,31243,2296,5433,1006,2807,672,250,175,78,92,2085,740,16821,2152
7950000US3601206,3601206,"Erie County (West Central)--Buffalo City (West) PUMA, New York",47721,2253,37728,2226,160,146,37568,2230,33304,2180,7261,1402,30104,2015,3863,783,1045,427,0,192,38,61,1552,582,8441,1224
7950000US3601207,3601207,"Erie County (South) PUMA, New York",66536,2276,57360,2191,265,219,57095,2151,43288,2226,9089,1766,45987,2405,13164,1943,2665,636,156,133,43,72,1066,514,8110,1349
7950000US3601300,3601300,"Livingston & Wyoming Counties PUMA, New York",39642,1060,32181,1322,319,166,31862,1298,24451,1202,4573,784,24640,1315,6040,1015,3517,691,781,327,143,134,1607,563,5854,919
7950000US3601400,3601400,"Ontario & Yates Counties PUMA, New York",53915,1596,44557,1620,306,174,44251,1594,34956,1848,5185,1054,36797,1950,7632,936,3295,924,959,704,107,157,1611,534,7747,1160
7950000US3601500,3601500,"Madison & Cortland Counties PUMA, New York",42758,1611,32574,1767,149,95,32425,1765,26391,1734,4405,964,25953,1665,5050,1009,2485,558,371,211,96,98,2372,628,7812,1126
7950000US3601600,3601600,"Fulton & Montgomery Counties PUMA, New York",42734,1301,33509,1704,649,340,32860,1696,20089,1641,2832,768,28675,1731,6678,1215,1740,578,389,233,68,94,1017,348,8208,1210
7950000US3601700,3601700,"Schenectady County--Schenectady City PUMA, New York",48720,1926,41690,2153,195,164,41495,2154,33187,2010,2811,727,37787,2027,7608,1148,1201,420,354,208,136,229,1385,530,5645,924
7950000US3601801,3601801,"Saratoga County (South & Central) PUMA, New York",44377,1656,40279,1893,0,192,40279,1893,34581,1975,3946,1146,35132,1878,5011,981,871,373,110,180,252,326,860,421,3238,920
7950000US3601802,3601802,"Saratoga County (Outer) PUMA, New York",49326,1920,41872,1684,178,166,41694,1659,34091,1824,3605,1033,36519,1736,6753,1008,1998,663,230,159,0,192,2020,766,5434,1054
7950000US3601900,3601900,"Rensselaer County--Troy City PUMA, New York",62816,1588,53324,1787,205,159,53119,1786,40796,1884,5808,1002,45364,1906,11673,1716,2634,745,299,185,57,65,1304,598,8188,1106
7950000US3602001,3602001,"Albany County (East Central)--Albany City PUMA, New York",44892,2193,37326,2287,44,72,37282,2280,30709,2451,6044,1269,30425,2165,6230,1294,1329,749,34,56,58,95,1303,577,6263,1411
7950000US3602002,3602002,"Albany County (Outside Albany City) PUMA, New York",80437,2065,67966,2140,236,160,67730,2128,55529,2314,4914,1165,61475,2295,11415,1340,1783,493,225,146,166,277,2940,748,9531,1483
7950000US3602100,3602100,"Columbia & Greene Counties PUMA, New York",41558,1707,31695,1625,421,312,31274,1619,21894,1460,4018,727,23455,1481,7154,1289,3885,812,1669,639,22,37,1589,558,8274,1224
7950000US3602201,3602201,"Broome County (West Central)--Greater Binghamton City & Greater Johnson City Village PUMA, New York",50253,1752,40059,1723,84,105,39975,1728,31536,1824,4153,920,35246,1937,8257,1393,1088,469,115,136,0,192,1819,606,8375,1448
7950000US3602202,3602202,"Broome (Outer West) & Tioga Counties PUMA, New York",41883,1502,35843,1616,304,224,35539,1624,27554,1507,3895,997,29761,1802,7046,1161,2184,559,419,222,28,48,1126,461,4914,886
7950000US3602203,3602203,"Chenango, Delaware & Broome (East) Counties PUMA; New York",42770,1615,33216,1630,430,227,32786,1585,21282,1492,2501,716,27333,1410,9772,1196,3503,778,1065,427,24,39,1653,454,7901,919
7950000US3602300,3602300,"Tompkins County PUMA, New York",37683,1516,33063,1638,27,47,33036,1635,26463,1761,2264,562,29782,1840,5984,1246,1496,454,111,110,38,65,1773,708,2847,695
7950000US3602401,3602401,"Chemung (South) & Steuben (East) Counties--Greater Elmira & Greater Corning Cities PUMA, New York",41759,1619,32959,1844,231,204,32728,1832,24885,1634,3656,1077,27837,1808,7294,1270,1963,522,308,166,16,26,2143,828,6657,1096
7950000US3602402,3602402,"Steuben (North & West), Schuyler & Chemung (North) Counties PUMA; New York",37389,1328,30246,1371,286,144,29960,1383,21724,1394,4423,811,22230,1182,6928,874,3384,600,971,345,143,131,1220,438,5923,773
7950000US3602500,3602500,"Cattaraugus & Allegany Counties PUMA, New York",49474,1383,36825,1448,436,194,36389,1414,25441,1274,6039,739,24417,1262,6942,933,7167,771,2825,536,62,47,1964,598,10685,950
7950000US3602600,3602600,"Chautauqua County PUMA, New York",51705,1835,39093,1793,503,214,38590,1834,27735,1864,5873,1041,30649,1760,9181,1277,2964,563,577,358,135,113,2237,827,10375,1218
7950000US3602701,3602701,"Sullivan & Ulster (West) Counties PUMA, New York",36989,1763,30081,1776,331,247,29750,1848,19449,1725,2744,844,25507,1872,9202,1402,1506,502,643,347,0,192,1245,720,5663,1106
7950000US3602702,3602702,"Ulster County (East) PUMA, New York",56340,2044,48714,2315,290,204,48424,2289,35854,2091,3925,1073,43441,2334,11855,1603,1981,699,254,197,42,71,1454,601,6172,1255
7950000US3602801,3602801,"Dutchess County (North & East) PUMA, New York",44811,1747,39765,1611,293,260,39472,1610,32013,1556,2645,683,34968,1719,6009,871,3064,800,514,424,0,192,1036,431,4010,997
7950000US3602802,3602802,"Dutchess County (Southwest) PUMA, New York",63389,2002,55554,2354,112,106,55442,2345,45535,2149,3357,1012,51476,2482,9367,1162,1401,552,116,139,0,192,1745,828,6090,1206
7950000US3602901,3602901,"Orange County (Northeast)--Greater Newburgh City PUMA, New York",43781,1836,34650,1898,76,91,34574,1901,26589,1748,2717,815,31483,1944,7488,1521,1508,593,81,98,0,192,1190,704,7941,1329
7950000US3602902,3602902,"Orange County (Northwest) PUMA, New York",41041,1545,30468,1531,134,197,30334,1538,23976,1584,2868,921,26939,1812,5516,1098,2006,719,87,106,27,45,4427,1189,6146,1289
7950000US3602903,3602903,"Orange County (Southeast) PUMA, New York",39543,1796,31421,1697,99,100,31322,1695,26850,1757,2174,672,28837,1633,4212,935,903,350,0,192,0,192,1275,612,6847,1255
7950000US3603001,3603001,"Rockland County (North)--New City & Congers PUMA, New York",34028,1599,30366,1718,137,114,30229,1712,26358,1713,1347,456,28565,1738,3353,946,1099,440,245,208,72,118,446,261,3216,1027
7950000US3603002,3603002,"Rockland County (South)--Orangetown, Clarkstown (South) & Ramapo (Southeast) Towns PUMA; New York",36245,1794,30529,1807,116,138,30413,1786,25404,1615,2161,703,27838,1768,3769,973,931,437,79,130,0,192,974,615,4742,1188
7950000US3603003,3603003,"Rockland County (West)--Spring Valley, Suffern Villages & Monsey PUMA; New York",28984,1487,18005,1336,80,94,17925,1328,16165,1314,2908,818,14981,1218,1535,506,751,348,0,192,0,192,987,606,9992,1270
7950000US3603101,3603101,"Putnam County PUMA, New York",35871,1314,33505,1400,0,192,33505,1400,28850,1444,3458,831,29807,1483,4144,913,761,275,57,97,0,192,722,384,1644,521
7950000US3603102,3603102,"Westchester County (Northwest) PUMA, New York",50768,2018,43680,1952,285,218,43395,1911,38889,1643,3066,903,39826,2081,4079,815,1271,477,145,145,0,192,930,416,6158,1159
7950000US3603103,3603103,"Westchester County (Northeast) PUMA, New York",47931,1704,43231,1742,42,70,43189,1742,38500,1650,2977,948,39833,1740,4442,937,886,407,0,192,0,192,1082,601,3618,1178
7950000US3603104,3603104,"Westchester County (Southeast) PUMA, New York",39625,1917,35284,1890,67,112,35217,1879,32555,1854,2954,849,31723,2040,2337,640,1335,586,57,98,0,192,400,215,3941,967
7950000US3603105,3603105,"Westchester County (Central)--White Plains City PUMA, New York",60389,1970,55959,1856,249,193,55710,1869,50683,1727,3744,1027,51295,2062,4758,951,2073,533,122,150,0,192,438,364,3992,941
7950000US3603106,3603106,"Westchester County (Southwest)--Yonkers City PUMA, New York",72040,2362,57945,2438,221,171,57724,2431,48792,2412,7000,1484,49397,2481,7698,1428,2844,985,575,518,61,106,3698,1120,10397,1546
7950000US3603107,3603107,"Westchester County (South Central)--New Rochelle & Mount Vernon Cities PUMA, New York",70354,2506,57610,2317,119,92,57491,2314,49543,2394,4675,979,51970,2330,7029,1176,1917,592,224,226,0,192,3468,1129,9276,1576
7950000US3603201,3603201,"Nassau County (Northwest)--North Hempstead Town (North) PUMA, New York",39823,1780,37159,1657,65,80,37094,1654,32124,1335,4068,990,32059,1657,4722,1014,1729,701,76,90,27,45,441,401,2223,651
7950000US3603202,3603202,"Nassau County (Northeast)--Oyster Bay Town (North) & Glen Cove City PUMA, New York",39271,1642,35974,1621,0,192,35974,1621,25246,1659,2702,723,32857,1600,10589,1735,1692,559,95,107,0,192,703,456,2594,808
7950000US3603203,3603203,"Nassau County (East Central)--Oyster Bay Town (Central) PUMA, New York",33458,1710,30707,1653,79,92,30628,1646,25986,1682,1807,503,28652,1714,4461,1003,1192,579,53,87,0,192,264,205,2487,766
7950000US3603204,3603204,"Nassau County (West Central)--North Hempstead Town (South) PUMA, New York",35830,1696,32191,1758,90,114,32101,1760,25831,1731,2523,795,28606,1718,5745,1159,1991,655,372,371,0,192,700,346,2939,747
7950000US3603205,3603205,"Nassau County (West Central)--Hempstead Town (Northwest) PUMA, New York",34492,2060,31328,1980,118,113,31210,1999,27060,1991,1983,547,28942,1969,3784,874,1034,439,158,203,40,66,725,427,2439,825
7950000US3603206,3603206,"Nassau County (Central)--Hempstead Town (North Central)--Meadowbrook Corridor PUMA, New York",39362,2017,33677,2088,83,108,33594,2105,28893,1839,4864,1014,28312,1872,4426,936,843,438,25,41,43,73,666,444,5019,974
7950000US3603207,3603207,"Nassau County (Central)--Hempstead Town (Northeast) PUMA, New York",37090,2014,33165,1958,0,192,33165,1958,28211,1980,2724,835,30090,1954,4525,809,1300,525,70,118,0,192,211,202,3714,861
7950000US3603208,3603208,"Nassau County (Southeast)--Oyster Bay Town (South) PUMA, New York",37152,1830,34501,1891,249,188,34252,1844,30058,1869,2482,698,31554,1710,4106,857,830,399,32,52,0,192,460,239,2191,655
7950000US3603209,3603209,"Nassau County (Central)--Hempstead Town (East Central) PUMA, New York",34409,1914,31450,1717,107,107,31343,1711,26422,1763,1975,614,28794,1758,4287,932,1060,496,0,192,218,352,252,219,2707,875
7950000US3603210,3603210,"Nassau County (South Central)--Hempstead Town (Southeast) PUMA, New York",36136,1616,33002,1713,158,124,32844,1689,28542,1777,2996,941,29392,1722,4029,907,1175,435,206,261,0,192,163,133,2971,952
7950000US3603211,3603211,"Nassau County (West Central)--Hempstead Town (West Central) PUMA, New York",36565,2066,32750,2092,287,249,32463,2078,28556,1991,2887,835,29434,2103,3795,809,690,328,71,117,0,192,854,454,2961,938
7950000US3603212,3603212,"Nassau County (Southwest)--Hempstead Town (Southwest) & Long Beach City PUMA, New York",37178,2366,32558,1904,109,126,32449,1903,29131,2055,1823,544,30105,1824,2912,811,1244,506,116,143,58,99,304,227,4316,1036
7950000US3603301,3603301,"Suffolk County (Northwest)--Huntington Town (North) PUMA, New York",34268,1717,31747,1739,222,188,31525,1765,28043,2004,1984,550,29297,1813,3273,988,1125,512,0,192,25,42,676,489,1845,593
7950000US3603302,3603302,"Suffolk County (Northwest)--Huntington Town (South) PUMA, New York",33099,1623,30313,1746,190,164,30123,1753,27412,1717,1636,438,28155,1782,2441,556,892,403,107,131,28,46,1102,493,1684,550
7950000US3603303,3603303,"Suffolk County (Northwest)--Smithtown Town PUMA, New York",39118,1725,34291,1596,139,131,34152,1581,26919,1590,2500,684,30248,1480,4627,978,1440,558,48,79,913,735,1337,649,3490,1026
7950000US3603304,3603304,"Suffolk County (North Central)--Brookhaven Town (North) PUMA, New York",36190,2105,33017,1971,152,125,32865,1978,24308,1695,2636,685,29342,2035,7089,1487,379,212,0,192,661,521,404,269,2769,780
7950000US3603305,3603305,"Suffolk County (East) PUMA, New York",52451,2039,39652,2498,144,150,39508,2469,30789,2617,2799,861,36130,2221,8302,1494,2218,751,0,192,0,192,2138,988,10661,1584
7950000US3603306,3603306,"Suffolk County (South Central)--Brookhaven Town (South) PUMA, New York",41486,2247,35584,2254,157,139,35427,2246,22073,1921,2757,806,32125,2391,12937,2057,1035,388,28,48,72,120,2649,1078,3253,945
7950000US3603307,3603307,"Suffolk County (Central)--Brookhaven Town (Central) PUMA, New York",43800,2309,37291,2116,0,192,37291,2116,24066,1699,1640,441,34420,2273,11239,2234,1893,753,510,538,389,503,2144,942,4365,1175
7950000US3603308,3603308,"Suffolk County (Central)--Brookhaven Town (West Central) PUMA, New York",33262,1847,29823,1760,157,200,29666,1767,18833,1302,1985,478,25765,1650,4225,747,1585,656,464,392,1016,639,575,332,2864,670
7950000US3603309,3603309,"Suffolk County (Central)--Islip Town (East) PUMA, New York",34192,1956,30966,2116,240,197,30726,2116,22726,1804,2125,790,27131,2118,4304,812,704,409,248,341,923,669,904,598,2322,688
7950000US3603310,3603310,"Suffolk County (Central)--Islip Town (Northwest) PUMA, New York",29923,1808,24205,1711,138,133,24067,1694,19883,1577,3390,779,20326,1831,3764,783,1508,577,0,192,56,95,1467,687,4251,1054
7950000US3603311,3603311,"Suffolk County (Southwest)--Islip Town (South) PUMA, New York",32480,1878,29659,1840,126,157,29533,1814,24218,1714,3701,937,25529,1683,4442,1001,1425,658,87,150,0,192,355,313,2466,848
7950000US3603312,3603312,"Suffolk County (Southwest)--Babylon Town (Southeast) PUMA, New York",31194,1816,27794,1780,166,159,27628,1796,23746,1909,1969,668,25127,1848,3694,923,1270,491,152,221,0,192,1326,641,2074,622
7950000US3603313,3603313,"Suffolk County (West Central)--Babylon Town (Northwest) PUMA, New York",32848,1998,27506,1828,0,192,27506,1828,22479,1830,2651,664,24615,1747,4842,1273,934,373,100,119,0,192,1645,611,3697,1128
7950000US3603701,3603701,"NYC-Bronx Community District 8--Riverdale, Fieldston & Kingsbridge PUMA; New York",42158,2193,35589,2322,60,102,35529,2308,30944,2280,4752,1166,30109,2210,4350,1182,1638,719,50,59,0,192,798,487,5771,1013
7950000US3603702,3603702,"NYC-Bronx Community District 12--Wakefield, Williamsbridge & Woodlawn PUMA; New York",49817,2594,34209,2410,179,190,34030,2395,24215,2262,5098,1121,27816,2132,8477,1409,2510,756,368,388,28,50,6161,1466,9447,1578
7950000US3603703,3603703,"NYC-Bronx Community District 10--Co-op City, Pelham Bay & Schuylerville PUMA; New York",44329,2984,36847,3117,131,215,36716,3130,29447,3403,6094,1785,29397,3008,6957,1395,1469,694,0,192,0,192,1647,885,5835,1248
7950000US3603704,3603704,"NYC-Bronx Community District 11--Pelham Parkway, Morris Park & Laconia PUMA; New York",44476,2185,32666,2111,397,240,32269,2109,25015,2108,5744,1166,25061,1773,6322,1227,1800,476,222,192,293,464,3241,1026,8569,1452
7950000US3603705,3603705,"NYC-Bronx Community District 3 & 6--Belmont, Crotona Park East & East Tremont PUMA; New York",58706,2565,40757,2530,0,192,40757,2530,31801,2384,6456,1074,33764,2691,8675,1861,1819,688,43,71,39,67,1768,703,16181,1887
7950000US3603706,3603706,"NYC-Bronx Community District 7--Bedford Park, Fordham North & Norwood PUMA; New York",46018,2813,34391,2858,0,192,34391,2858,29052,2779,8019,1708,25741,2802,4504,1387,2149,1032,308,385,56,95,1918,872,9709,1648
7950000US3603707,3603707,"NYC-Bronx Community District 5--Morris Heights, Fordham South & Mount Hope PUMA; New York",46654,2341,32972,2343,46,76,32926,2339,28635,2109,7682,1531,24648,2308,3931,891,4452,1229,0,192,0,192,1039,498,12643,1690
7950000US3603708,3603708,"NYC-Bronx Community District 4--Concourse, Highbridge & Mount Eden PUMA; New York",50192,2532,35788,2610,0,192,35788,2610,29269,2624,5366,1334,29829,2533,6186,1254,3417,1046,194,195,39,65,1943,715,12461,1807
7950000US3603709,3603709,"NYC-Bronx Community District 9--Castle Hill, Clason Point & Parkchester PUMA; New York",63433,3155,49369,3375,116,134,49253,3344,36878,2800,7607,1162,41059,2909,11874,2115,1835,618,194,229,0,192,3652,1059,10412,1547
7950000US3603710,3603710,"NYC-Bronx Community District 1 & 2--Hunts Point, Longwood & Melrose PUMA; New York",52756,2529,35509,2421,99,113,35410,2414,27916,2353,5320,1053,29100,2454,7068,1322,3023,1060,244,188,0,192,2061,826,15186,1954
7950000US3603801,3603801,"NYC-Manhattan Community District 12--Washington Heights, Inwood & Marble Hill PUMA; New York",76174,3426,61068,3034,70,116,60998,3045,51067,3026,9131,1684,50536,3219,8955,1836,2719,873,680,550,0,192,2225,789,12881,2379
7950000US3603802,3603802,"NYC-Manhattan Community District 9--Hamilton Heights, Manhattanville & West Harlem PUMA; New York",44790,2581,35972,2752,70,115,35902,2765,31385,2696,2673,945,32869,2723,3982,1329,845,582,55,92,0,192,1339,542,7479,1628
7950000US3603803,3603803,"NYC-Manhattan Community District 10--Central Harlem PUMA, New York",58217,3433,45628,3213,0,192,45628,3213,38371,3199,5770,1548,38894,3057,6998,1479,1626,706,0,192,102,171,1679,732,10910,2052
7950000US3603804,3603804,"NYC-Manhattan Community District 11--East Harlem PUMA, New York",51915,3050,39206,2753,143,171,39063,2748,33501,2795,5494,1255,33251,2776,5104,1372,1420,742,0,192,0,192,588,378,12121,1965
7950000US3603805,3603805,"NYC-Manhattan Community District 8--Upper East Side PUMA, New York",111507,5770,102678,5879,158,196,102520,5854,91389,5363,4893,1328,96902,5662,10648,2427,2836,816,0,192,0,192,1593,811,7236,2163
7950000US3603806,3603806,"NYC-Manhattan Community District 7--Upper West Side & West Side PUMA, New York",98941,4348,89432,4108,342,341,89090,4135,79678,3899,5895,1399,81793,4068,8416,1972,1920,827,0,192,0,192,1402,926,8107,1937
7950000US3603807,3603807,"NYC-Manhattan Community District 4 & 5--Chelsea, Clinton & Midtown Business District PUMA; New York",81546,4370,74326,4105,368,445,73958,4152,64908,3318,5038,1580,68090,4218,8518,2204,1990,661,0,192,0,192,895,660,6325,1974
7950000US3603808,3603808,"NYC-Manhattan Community District 6--Murray Hill, Gramercy & Stuyvesant Town PUMA; New York",75794,4127,67967,3814,309,388,67658,3746,56161,3529,4616,1825,62685,3716,10816,2412,1506,725,223,270,0,192,1318,743,6509,2420
7950000US3603809,3603809,"NYC-Manhattan Community District 3--Chinatown & Lower East Side PUMA, New York",76131,3773,41928,3001,107,127,41821,2999,32438,2444,4366,1277,37096,2798,9288,1966,718,491,70,113,0,192,10517,2238,23686,3053
7950000US3603810,3603810,"NYC-Manhattan Community District 1 & 2--Battery Park City, Greenwich Village & Soho PUMA; New York",73278,3529,68331,3731,160,193,68171,3688,57305,3315,5566,1637,62038,3244,10248,2153,1755,592,140,164,0,192,1237,614,3710,1149
7950000US3603901,3603901,"NYC-Staten Island Community District 3--Tottenville, Great Kills & Annadale PUMA; New York",57734,2788,49569,2673,530,446,49039,2712,31316,1975,3595,1030,44395,2782,16641,2304,1878,706,23,37,333,413,1783,786,6382,1340
7950000US3603902,3603902,"NYC-Staten Island Community District 2--New Springville & South Beach PUMA, New York",47452,2266,38572,2524,542,423,38030,2472,28499,1923,2764,754,34371,2342,8016,1570,2100,678,320,396,382,466,1289,656,7591,1527
7950000US3603903,3603903,"NYC-Staten Island Community District 1--Port Richmond, Stapleton & Mariner's Harbor PUMA; New York",59103,2653,43471,2374,339,324,43132,2404,29152,1776,4099,939,37815,2462,9780,1665,2337,771,73,100,853,675,2525,963,13107,2221
7950000US3604001,3604001,"NYC-Brooklyn Community District 1--Greenpoint & Williamsburg PUMA, New York",66037,2772,47136,2493,493,480,46643,2406,43015,2484,4498,1018,41366,2409,3245,830,1415,576,59,98,35,58,3105,1129,15796,2081
7950000US3604002,3604002,"NYC-Brooklyn Community District 4--Bushwick PUMA, New York",47709,2375,36375,2208,1743,646,34632,2129,30347,1807,7668,1564,26134,2176,3912,791,1439,472,127,140,0,192,2357,766,8977,1419
7950000US3604003,3604003,"NYC-Brooklyn Community District 3--Bedford-Stuyvesant PUMA, New York",52074,2325,40280,2084,769,380,39511,2089,36283,2089,5787,1220,32757,2080,3003,939,1684,572,0,192,0,192,972,443,10822,1314
7950000US3604004,3604004,"NYC-Brooklyn Community District 2--Brooklyn Heights & Fort Greene PUMA, New York",60292,2174,51646,2036,84,141,51562,2027,46075,2293,3060,787,48348,1984,5209,1279,1015,412,44,72,0,192,1178,573,7468,1135
7950000US3604005,3604005,"NYC-Brooklyn Community District 6--Park Slope, Carroll Gardens & Red Hook PUMA; New York",46522,2212,41643,2077,65,108,41578,2073,36710,1660,3425,972,37685,2028,4642,1048,1277,496,0,192,0,192,878,626,4001,897
7950000US3604006,3604006,"NYC-Brooklyn Community District 8--Crown Heights North & Prospect Heights PUMA, New York",56005,2627,45290,2634,128,205,45162,2630,38446,2556,6072,1454,38538,2504,6529,1334,1727,588,42,70,0,192,1593,682,9122,1447
7950000US3604007,3604007,"NYC-Brooklyn Community District 16--Brownsville & Ocean Hill PUMA, New York",42579,2316,30137,2342,27,46,30110,2346,25425,2234,5689,1209,23628,2084,4337,1086,1586,547,247,239,0,192,1355,555,11087,1616
7950000US3604008,3604008,"NYC-Brooklyn Community District 5--East New York & Starrett City PUMA, New York",54506,2965,42077,2887,131,158,41946,2901,23857,2245,4596,1019,35789,2762,16257,2102,2573,719,772,416,63,105,1215,599,11214,1527
7950000US3604009,3604009,"NYC-Brooklyn Community District 18--Canarsie & Flatlands PUMA, New York",65735,2213,57622,2350,0,192,57622,2350,45490,2195,6206,1006,50021,2166,11188,1387,4367,875,311,231,0,192,1449,490,6664,1206
7950000US3604010,3604010,"NYC-Brooklyn Community District 17--East Flatbush, Farragut & Rugby PUMA; New York",50017,2416,39349,2458,115,97,39234,2458,32506,2406,4651,1073,34034,2278,6579,1263,1551,497,23,38,25,42,858,479,9810,1587
7950000US3604011,3604011,"NYC-Brooklyn Community District 9--Crown Heights South, Prospect Lefferts & Wingate PUMA; New York",42176,1988,31816,1988,264,326,31552,1949,26243,2095,3748,1022,27064,2080,5024,1258,1270,585,74,120,162,263,1740,692,8620,1626
7950000US3604012,3604012,"NYC-Brooklyn Community District 7--Sunset Park & Windsor Terrace PUMA, New York",45627,1861,35278,2127,137,165,35141,2135,29842,2039,3209,669,31199,2048,5012,876,1164,377,83,123,0,192,1488,605,8861,1404
7950000US3604013,3604013,"NYC-Brooklyn Community District 10--Bay Ridge & Dyker Heights PUMA, New York",45191,2150,39721,2097,166,180,39555,2081,33630,1830,4770,1056,33480,1946,5152,1026,1843,486,479,298,192,237,569,305,4901,963
7950000US3604014,3604014,"NYC-Brooklyn Community District 12--Borough Park, Kensington & Ocean Parkway PUMA; New York",42114,2200,28120,2075,286,250,27834,2065,22225,1829,4311,1043,22576,1827,5138,1033,1426,488,82,96,0,192,940,408,13054,1227
7950000US3604015,3604015,"NYC-Brooklyn Community District 14--Flatbush & Midwood PUMA, New York",55953,2420,44079,2615,0,192,44079,2615,33905,2140,5458,1107,37447,2728,9354,1529,2302,714,421,374,165,235,1675,643,10199,1643
7950000US3604016,3604016,"NYC-Brooklyn Community District 15--Sheepshead Bay, Gerritsen Beach & Homecrest PUMA; New York",58343,2563,49828,2412,126,120,49702,2397,40458,2311,5657,1208,43394,2144,8403,1071,1777,485,120,123,42,68,764,312,7751,1172
7950000US3604017,3604017,"NYC-Brooklyn Community District 11--Bensonhurst & Bath Beach PUMA, New York",63963,2484,53615,2448,187,160,53428,2464,47232,2254,5333,1051,47203,2241,5729,893,2791,590,176,245,0,192,543,262,9805,1292
7950000US3604018,3604018,"NYC-Brooklyn Community District 13--Brighton Beach & Coney Island PUMA, New York",47028,2670,37593,2694,299,223,37294,2664,29358,2638,5443,1302,31584,2304,7611,1353,1114,425,152,171,0,192,730,333,8705,1110
7950000US3604101,3604101,"NYC-Queens Community District 1--Astoria & Long Island City PUMA, New York",72177,2866,60322,2874,49,82,60273,2874,54052,2775,3403,789,55930,2985,5765,1028,1827,491,147,143,51,84,1016,509,10839,1347
7950000US3604102,3604102,"NYC-Queens Community District 3--Jackson Heights & North Corona PUMA, New York",49036,2453,38750,2440,36,59,38714,2449,28347,2349,2341,660,35180,2522,9773,1663,2226,718,238,252,207,244,1916,856,8370,1481
7950000US3604103,3604103,"NYC-Queens Community District 7--Flushing, Murray Hill & Whitestone PUMA; New York",84004,3502,61906,3237,333,212,61573,3244,54266,3062,14877,2531,46229,2767,6638,1123,2032,566,0,192,26,43,2917,960,19181,2052
7950000US3604104,3604104,"NYC-Queens Community District 11--Bayside, Douglaston & Little Neck PUMA; New York",42003,2042,36705,2170,216,204,36489,2229,31549,2112,3780,1083,32400,2084,4661,810,1091,359,0,192,0,192,898,464,4400,833
7950000US3604105,3604105,"NYC-Queens Community District 13--Queens Village, Cambria Heights & Rosedale PUMA; New York",58924,2515,51054,2342,103,80,50951,2328,40649,2239,8005,1144,42299,2200,9780,1446,2361,644,232,165,156,133,715,293,7155,1241
7950000US3604106,3604106,"NYC-Queens Community District 8--Briarwood, Fresh Meadows & Hillcrest PUMA; New York",54605,3224,46368,3134,96,116,46272,3137,37235,2735,3855,976,41812,3334,8823,1496,1330,433,72,87,0,192,1045,537,7192,1649
7950000US3604107,3604107,"NYC-Queens Community District 4--Elmhurst & South Corona PUMA, New York",40473,2881,31700,2510,0,192,31700,2510,27951,2610,3111,803,28162,2489,3680,1007,1464,489,0,192,69,83,1610,873,7163,1695
7950000US3604108,3604108,"NYC-Queens Community District 6--Forest Hills & Rego Park PUMA, New York",51169,2527,43905,2467,174,206,43731,2484,32751,2059,3760,912,38340,2297,9384,1738,1420,472,90,143,933,805,810,468,6454,1330
7950000US3604109,3604109,"NYC-Queens Community District 2--Sunnyside & Woodside PUMA, New York",52591,2637,44737,2264,0,192,44737,2264,29582,2061,2279,611,42034,2319,14802,1837,1178,484,0,192,106,143,1809,686,6045,1290
7950000US3604110,3604110,"NYC-Queens Community District 5--Ridgewood, Glendale & Middle Village PUMA; New York",61570,2546,51034,2413,190,127,50844,2456,40933,2149,3834,842,46336,2394,9440,1191,1944,433,69,65,0,192,1375,517,9161,1285
7950000US3604111,3604111,"NYC-Queens Community District 9--Richmond Hill & Woodhaven PUMA, New York",44811,1724,37633,1680,63,74,37570,1668,26703,1584,3801,713,33157,1682,10060,1242,1354,401,0,192,84,139,494,228,6684,1088
7950000US3604112,3604112,"NYC-Queens Community District 12--Jamaica, Hollis & St. Albans PUMA; New York",71109,2690,54758,2584,155,178,54603,2548,36959,2343,12477,1717,41147,2412,16821,1717,2476,565,322,225,102,122,1660,671,14691,1552
7950000US3604113,3604113,"NYC-Queens Community District 10--Howard Beach & Ozone Park PUMA, New York",37998,2271,32506,2187,0,192,32506,2187,24523,1867,2850,769,28796,2081,6509,1075,1048,433,30,52,326,275,601,323,4891,1103
7950000US3604114,3604114,"NYC-Queens Community District 14--Far Rockaway, Breezy Point & Broad Channel PUMA; New York",41368,2402,32299,2075,127,210,32172,2057,17277,1699,4409,1191,27113,2186,14234,2028,1093,425,273,226,0,192,477,320,8592,1715
